,name,accuracy,f1score,recall,precision
0,Resize128&Normalization,0.9629439011837364,0.9625977143703772,0.9629439011837364,0.9634812862778512
1,Resize128,0.6783324755532681,0.6590225986473744,0.6783324755532681,0.6925773707204828
2,RandomCrop,0.3674729799279465,0.3005923589149156,0.3674729799279465,0.4331779928304375
3,Rescaled,0.9382398353062276,0.938316957725968,0.9382398353062276,0.9415282369375668
4,Clean,0.8023674729799279,0.7978710214060312,0.8023674729799279,0.805128053380158
5,CenterCrop,0.7447246525990736,0.7459184848303189,0.7447246525990736,0.7482401433741068
6,B&C,0.8811116829644879,0.8809116748819598,0.8811116829644879,0.8886005180410841
7,GrayScale,0.6417910447761194,0.6376489275284575,0.6417910447761194,0.6384247752788895
